{
  "import_1748825387": {
    "id": "import_1748825387",
    "status": "completed",
    "created_at": 1748825387.4912035,
    "started_at": 1748825387.4922051,
    "completed_at": 1748825387.9573348,
    "error": null,
    "progress": 0,
    "total_records": 10,
    "new_records": 10,
    "duplicate_records": 0
  },
  "import_1748826024": {
    "id": "import_1748826024",
    "status": "completed",
    "created_at": 1748826024.4566422,
    "started_at": 1748826024.457642,
    "completed_at": 1748826024.8466017,
    "error": null,
    "progress": 0,
    "total_records": 10,
    "new_records": 0,
    "duplicate_records": 10
  },
  "import_1748826039": {
    "id": "import_1748826039",
    "status": "failed",
    "created_at": 1748826039.2828186,
    "started_at": 1748826039.283819,
    "completed_at": 1748826039.3266335,
    "error": "Import failed due to unexpected error: object NoneType can't be used in 'await' expression",
    "progress": 0,
    "total_records": null,
    "new_records": null,
    "duplicate_records": null
  },
  "import_1748826103": {
    "id": "import_1748826103",
    "status": "failed",
    "created_at": 1748826103.9940424,
    "started_at": 1748826103.9950924,
    "completed_at": 1748826104.0371518,
    "error": "Import failed due to unexpected error: object NoneType can't be used in 'await' expression",
    "progress": 0,
    "total_records": null,
    "new_records": null,
    "duplicate_records": null
  },
  "import_1748826135": {
    "id": "import_1748826135",
    "status": "completed",
    "created_at": 1748826135.5998356,
    "started_at": 1748826135.6008885,
    "completed_at": 1748826135.6956692,
    "error": null,
    "progress": 0,
    "total_records": 10,
    "new_records": 10,
    "duplicate_records": 0
  },
  "import_1748826189": {
    "id": "import_1748826189",
    "status": "completed",
    "created_at": 1748826189.0929356,
    "started_at": 1748826189.0939362,
    "completed_at": 1748826189.1199398,
    "error": null,
    "progress": 0,
    "total_records": 10,
    "new_records": 0,
    "duplicate_records": 10
  },
  "import_1748826209": {
    "id": "import_1748826209",
    "status": "completed",
    "created_at": 1748826209.5932918,
    "started_at": 1748826209.5943503,
    "completed_at": 1748826209.6195457,
    "error": null,
    "progress": 0,
    "total_records": 10,
    "new_records": 0,
    "duplicate_records": 10
  },
  "import_1748826210": {
    "id": "import_1748826210",
    "status": "completed",
    "created_at": 1748826210.3083186,
    "started_at": 1748826210.3103356,
    "completed_at": 1748826210.3401258,
    "error": null,
    "progress": 0,
    "total_records": 10,
    "new_records": 0,
    "duplicate_records": 10
  },
  "import_1748826211": {
    "id": "import_1748826211",
    "status": "completed",
    "created_at": 1748826211.8531733,
    "started_at": 1748826211.8551743,
    "completed_at": 1748826211.8814847,
    "error": null,
    "progress": 0,
    "total_records": 10,
    "new_records": 0,
    "duplicate_records": 10
  },
  "import_1748826212": {
    "id": "import_1748826212",
    "status": "completed",
    "created_at": 1748826212.8644366,
    "started_at": 1748826212.865442,
    "completed_at": 1748826212.8911126,
    "error": null,
    "progress": 0,
    "total_records": 10,
    "new_records": 0,
    "duplicate_records": 10
  },
  "import_1748826213": {
    "id": "import_1748826213",
    "status": "completed",
    "created_at": 1748826213.5451484,
    "started_at": 1748826213.5471642,
    "completed_at": 1748826213.5815346,
    "error": null,
    "progress": 0,
    "total_records": 10,
    "new_records": 0,
    "duplicate_records": 10
  },
  "import_1748826214": {
    "id": "import_1748826214",
    "status": "completed",
    "created_at": 1748826214.7946794,
    "started_at": 1748826214.795182,
    "completed_at": 1748826214.8238068,
    "error": null,
    "progress": 0,
    "total_records": 10,
    "new_records": 0,
    "duplicate_records": 10
  },
  "import_1748826215": {
    "id": "import_1748826215",
    "status": "completed",
    "created_at": 1748826215.4686677,
    "started_at": 1748826215.4696727,
    "completed_at": 1748826215.4978848,
    "error": null,
    "progress": 0,
    "total_records": 10,
    "new_records": 0,
    "duplicate_records": 10
  },
  "import_1748826216": {
    "id": "import_1748826216",
    "status": "completed",
    "created_at": 1748826216.0969152,
    "started_at": 1748826216.0991879,
    "completed_at": 1748826216.1363485,
    "error": null,
    "progress": 0,
    "total_records": 10,
    "new_records": 0,
    "duplicate_records": 10
  },
  "import_1748826241": {
    "id": "import_1748826241",
    "status": "completed",
    "created_at": 1748826241.9470155,
    "started_at": 1748826241.9490159,
    "completed_at": 1748826241.9802594,
    "error": null,
    "progress": 0,
    "total_records": 10,
    "new_records": 0,
    "duplicate_records": 10
  },
  "import_1748826244": {
    "id": "import_1748826244",
    "status": "completed",
    "created_at": 1748826244.4570913,
    "started_at": 1748826244.4580905,
    "completed_at": 1748826244.4846087,
    "error": null,
    "progress": 0,
    "total_records": 10,
    "new_records": 0,
    "duplicate_records": 10
  },
  "import_1748826265": {
    "id": "import_1748826265",
    "status": "failed",
    "created_at": 1748826265.6132054,
    "started_at": 1748826265.614207,
    "completed_at": 1748826265.6664293,
    "error": "Import failed due to unexpected error: object NoneType can't be used in 'await' expression",
    "progress": 0,
    "total_records": null,
    "new_records": null,
    "duplicate_records": null
  },
  "import_1748826267": {
    "id": "import_1748826267",
    "status": "completed",
    "created_at": 1748826267.6717749,
    "started_at": 1748826267.6727755,
    "completed_at": 1748826267.766721,
    "error": null,
    "progress": 0,
    "total_records": 10,
    "new_records": 10,
    "duplicate_records": 0
  }
}