{
  "import_1748825387": {
    "id": "import_1748825387",
    "status": "completed",
    "created_at": 1748825387.4912035,
    "started_at": 1748825387.4922051,
    "completed_at": 1748825387.9573348,
    "error": null,
    "progress": 0,
    "total_records": 10,
    "new_records": 10,
    "duplicate_records": 0
  }
}